image_name,work_name,songs,song_display_names
"gal_9nine.jpg","9nine","gal_米倉千尋_-_DEAR_MY_WAKER.mp3|gal_米倉千尋_-_ReAliZe.mp3","米倉千尋 - DEAR MY WAKER|米倉千尋 - ReAliZe"
"gal_Ambitious_Mission.jpg","Ambitious Mission","gal_茶太_-_めくるめく.mp3|gal_佐藤アスカ_-_breaking_light.mp3","茶太 - めくるめく|佐藤アスカ - breaking light"
"gal_ATRI_-My_Dear_Moments-.jpg","ATRI -My Dear Moments-","gal_柳麻美_-_光放て!.mp3","柳麻美 - 光放て！"
"gal_BALDR_SKY.jpg","BALDR SKY","gal_KOTOKO_-_Face_of_Fact.mp3|gal_KOTOKO_-_jihad.mp3|gal_KOTOKO_-_Restoration_~沈黙の空~.mp3","KOTOKO - Face of Fact|KOTOKO_-_jihad|KOTOKO_-_Restoration_~沈黙の空~"
"gal_Clover_Days.jpg","Clover Days","gal_茶太_-_しあわせがたりfull_ver.mp3|gal_真理絵_-_Clover_Day's_full_ver.mp3|gal_真理絵_-_Clover_Heart's_-New_days_recording-_full_ver.mp3","茶太 - しあわせがたりfull ver|真理絵 - Clover Day's full ver|真理絵 - Clover Heart's -New days recording- full ver"
"gal_DOKI_DOKI_Literature_Club!.jpg","DOKI DOKI Literature Club!","gal_Dan_Salvato_-_Doki_Doki_Literature_Club!.mp3|gal_Dan_Salvato,Jillian_Ashcraft_-_Your_Reality.mp3","Dan Salvato - Doki Doki Literature Club!|Dan Salvato,Jillian Ashcraft - Your Reality"
"gal_eden.jpg","eden","gal_原田ひとみ_-_little_explorer.mp3","原田ひとみ - little explorer"
"gal_FLIPFLOP.jpg","FLIPFLOP","gal_月乃_-_キラキラ☆ハート♡リンケージ!_Full_Ver.mp3|gal_月乃_-_Phalaenopsis-reaction_Full_Ver.mp3","月乃 - キラキラ☆ハート♡リンケージ! Full Ver|月乃 - Phalaenopsis-reaction Full Ver"
"gal_LOOPERS.jpg","LOOPERS","gal_sana_sajou_no_hana,VISUAL_ARTS_,_Key_-_フカキユメミシ.mp3|gal_sana_sajou_no_hana,VISUAL_ARTS_,_Key_-_君との宝探し.mp3|gal_sana_sajou_no_hana,VISUAL_ARTS_,_Key_-_千夜一夜VORTEX.mp3","sana sajou no hana,VISUAL ARTS , Key - フカキユメミシ|sana sajou no hana,VISUAL ARTS , Key - 君との宝探し|sana sajou no hana,VISUAL ARTS , Key - 千夜一夜VORTEX"
"gal_Making_lovers.jpg","Making lovers","gal_ユウカ_-_Girls'_Carnival.mp3","ユウカ - Girls' Carnival"
"gal_Nekopara.jpg","Nekopara","gal_Duca_-_ネコイチ.mp3|gal_nao_-_タイヨウパラダイス.mp3|gal_霜月はるか_-_ねこまんま日和.mp3","Duca - ネコイチ|nao - タイヨウパラダイス|霜月はるか - ねこまんま日和"
"gal_ReLieF.jpg","ReLieF","gal_紫咲ほたる_-_ReTrymenT.mp3","紫咲ほたる - ReTrymenT"
"gal_Rewrite.jpg","Rewrite","gal_やなぎなぎ_-_恋文.mp3|gal_多田葵_-_CANOE.mp3|gal_水谷瑠奈,VISUAL_ARTS_,_Key_-_Philosophyz.mp3","やなぎなぎ - 恋文|多田葵 - CANOE|水谷瑠奈,VISUAL ARTS , Key - Philosophyz"
"gal_Riddle_Joker.jpg","Riddle Joker","gal_橋本みゆき,佐咲紗花_-_astral_ability.mp3","橋本みゆき,佐咲紗花 - astral ability"
"gal_Steins;Gate.jpg","Steins;Gate","gal_彩音_-_いつもこの場所で.mp3|gal_いとうかなこ_-_Hacking_to_the_Gate.mp3","彩音 - いつもこの場所で|いとうかなこ - Hacking to the Gate"
"gal_Summer_Pockets.jpg","Summer Pockets","gal_鈴木このみ,VISUAL_ARTS_,_Key_-_アルカテイル.mp3|gal_岩井映美里,VISUAL_ARTS_,_Key_-_紬の夏休み.mp3|gal_鈴木このみ,VISUAL_ARTS_,_Key_-_Lasting_Moment.mp3","鈴木このみ,VISUAL ARTS , Key - アルカテイル|岩井映美里,VISUAL ARTS , Key - 紬の夏休み|鈴木このみ,VISUAL ARTS , Key - Lasting Moment"
"gal_WHITE_ALBUM_2.jpg","WHITE ALBUM 2","gal_上原れな_-_届かない恋.mp3","上原れな - 届かない恋"
"gal_アオイトリ.jpg","アオイトリ","gal_浅葉リオ_-_二人だけのカーテンコール.mp3|gal_橋本みゆき_-_アオイトリ.mp3","浅葉リオ - 二人だけのカーテンコール|橋本みゆき - アオイトリ"
"gal_あまいろショコラータ.jpg","あまいろショコラータ","gal_KyoKa_-_きらめき_Chocolaterie.mp3","KyoKa - きらめき＊Chocolaterie"
"gal_アメイジング・グレイス.jpg","アメイジング・グレイス","gal_小春めう_-_夜明けの虹を越えて.mp3","小春めう - 夜明けの虹を越えて"
"gal_いますぐお兄ちゃんに妹だっていいたい!.jpg","いますぐお兄ちゃんに妹だっていいたい!","gal_Ceui_-_今、歩き出す君へ。.mp3","Ceui - 今、歩き出す君へ。"
"gal_いろとりどりのセカイ.jpg","いろとりどりのセカイ","gal_福圓美里_-_紅い瞳に映るセカイ_feat.二階堂真紅.mp3","福圓美里 - 紅い瞳に映るセカイ feat.二階堂真紅"
"gal_オトメ_ドメイン.jpg","オトメ＊ドメイン","gal_yozuca_-_LOVING_TRIP.mp3","yozuca - LOVING TRIP"
"gal_お兄ちゃん、キッスの準備はまだですか_.jpg","お兄ちゃん、キッスの準備はまだですか？","gal_薬師るり_-_お兄ちゃん、キッスの準備はまだですか.mp3","薬師るり - お兄ちゃん、キッスの準備はまだですか"
"gal_お兄ちゃん、朝までずっとギュッてして!.jpg","お兄ちゃん、朝までずっとギュッてして！","gal_薬師るり_-_お兄ちゃん、ギュッてして!.mp3","薬師るり - お兄ちゃん、ギュッてして！"
"gal_かけぬけ★青春スパーキング.jpg","かけぬけ★青春スパーキング","gal_松下,nayuta_-_Love♡Vacation.mp3","松下,nayuta - Love♡Vacation"
"gal_グリザイアの果実.jpg","グリザイアの果実","gal_黒崎真音_-_楽園の翼.mp3","黒崎真音 - 楽園の翼"
"gal_サクラノ詩.jpg","サクラノ詩","gal_はな_-_櫻ノ詩.mp3","はな - 櫻ノ詩"
"gal_さくらの雲_スカアレットの恋.jpg","さくらの雲＊スカアレットの恋","gal_KyoKa_-_桜爛ロマンシア.mp3","KyoKa - 桜爛ロマンシア"
"gal_さくらもゆ.jpg","さくら、もゆ","gal_藤田茜_-_さくら、もゆ。.mp3|gal_山本美禰子_-_輪廻.mp3|gal_佐咲紗花_-_さくら、Reincarnation.mp3","藤田茜 - さくら、もゆ。|山本美禰子 - 輪廻|佐咲紗花 - さくら、Reincarnation"
"gal_サノバウィッチ.jpg","サノバウィッチ","gal_米倉千尋_-_恋せよ乙女!.mp3","米倉千尋 - 恋せよ乙女！"
"gal_ソレヨリノ前奏詩.jpg","ソレヨリノ前奏詩","gal_原田ひとみ_-_Cherish.mp3","原田ひとみ - Cherish"
"gal_タマユラミライ.jpg","タマユラミライ","gal_いとうかなこ_-_ココニイルカラ_(full_version).mp3","いとうかなこ - ココニイルカラ (full version)"
"gal_ドーナドーナ_いっしょにわるいことをしよう.jpg","ドーナドーナ いっしょにわるいことをしよう","gal_月乃_-_ドーナドーナのうた.mp3","月乃 - ドーナドーナのうた"
"gal_ニュートンと林檎の樹.jpg","ニュートンと林檎の樹","gal_柳麻美_-_風の唄.mp3","柳麻美 - 風の唄"
"gal_ノラと皇女と野良猫ハート.jpg","ノラと皇女と野良猫ハート","gal_高森奈津美,遥そら,浅川悠_-_ネ!コ!.mp3|gal_遥そら,高森奈津美,浅川悠_-_野良猫ハート(ヒロイン4人コーラスVer.).mp3","高森奈津美,遥そら,浅川悠 - ネ!コ!|遥そら,高森奈津美,浅川悠 - 野良猫ハート(ヒロイン4人コーラスVer.)"
"gal_はつゆきさくら.jpg","はつゆきさくら","gal_fripSide_-_HesitationSnow.mp3","fripSide - HesitationSnow"
"gal_ハミダシクリエイティブ.jpg","ハミダシクリエイティブ","gal_ヒヅキミウ_-_トキラキメキ.mp3|gal_櫻川めぐ_-_Unreal_Creation!.mp3","ヒヅキミウ - トキラキメキ|櫻川めぐ - Unreal Creation!"
"gal_フタマタ恋愛.jpg","フタマタ恋愛","gal_花たん_-_恋の未来図.mp3","花たん - 恋の未来図"
"gal_ふゆからくるる.jpg","ふゆからくるる","gal_逢瀬アキラ_-_Sacrifice_(Full_ver.).mp3","逢瀬アキラ - Sacrifice (Full ver.)"
"gal_まいてつ.jpg","まいてつ","gal_中恵光城_-_レイル・ロマネスク.mp3","中恵光城 - レイル・ロマネスク"
"gal_ヨスガノソラ.jpg","ヨスガノソラ","gal_eufonius_-_比翼の羽根.mp3","eufonius - 比翼の羽根"
"gal_俺の恋天使がポンコツすぎてコワ~い.jpg","俺の恋天使がポンコツすぎてコワ～い","gal_はちみつこ_-_Love_note.mp3","はちみつこ - Love note"
"gal_俺の姿が、透明に!_不可视の薬と数奇な运命.jpg","俺の姿が、透明に！？不可视の薬と数奇な运命","gal_Duca_-_Clearly.mp3","Duca - Clearly"
"gal_抜きゲーみたいな島に住んでる貧乳はどうすりゃいいですか_.jpg","抜きゲーみたいな島に住んでる貧乳はどうすりゃいいですか？","gal_夢乃ゆき_-_THE_APPLE_IS_CAST!.mp3|gal_綾瀬理恵_-_非実在系女子達はどうすりゃいいですか.mp3","夢乃ゆき - THE APPLE IS CAST!|綾瀬理恵 - 非実在系女子達はどうすりゃいいですか"
"gal_绊きらめく恋いろは.jpg","绊きらめく恋いろは","gal_KEiNA_-_可憐雪月花.mp3","KEiNA - 可憐雪月花"
"gal_保健室のセンセーとシャボン玉中毒の助手.jpg","保健室のセンセーとシャボン玉中毒の助手","gal_佐咲紗花_-_Love's_Oracle.mp3","佐咲紗花 - Love's Oracle"
"gal_蒼の彼方のフォーリズム.jpg","蒼の彼方のフォーリズム","gal_川田まみ_-_Wings_of_Courage_-空を超えて-.mp3","川田まみ - Wings of Courage -空を超えて-"
"gal_喫茶ステラと死神の蝶.jpg","喫茶ステラと死神の蝶","gal_藤田茜_-_Sweetest_Bitterness.mp3|gal_神代あみ_-_スイートマリアージュ.mp3","藤田茜 - Sweetest Bitterness|神代あみ - スイートマリアージュ"
"gal_出会って5分は俺のもの!時間停止と不可避な運命.jpg","出会って5分は俺のもの！時間停止と不可避な運命","gal_Duca_-_Time_is_(Full_ver).mp3","Duca - Time is (Full ver)"
"gal_放課後シンデレラ.jpg","放課後シンデレラ","gal_Yukacco_-_Cinderella_Street.mp3","Yukacco - Cinderella Street"
"gal_黄昏のシンセミア.jpg","黄昏のシンセミア","gal_瀬名_-_Long_for.mp3|gal_佐藤ひろ美_-_夏のファンタジア.mp3","瀬名 - Long for|佐藤ひろ美 - 夏のファンタジア"
"gal_穢翼のユースティア.jpg","穢翼のユースティア","gal_Ceui_-_親愛なる世界へ.mp3|gal_南條愛乃_-_空種.mp3|gal_Ceui_-_Asphodelus.mp3","Ceui - 親愛なる世界へ|南條愛乃 - 空種|Ceui - Asphodelus"
"gal_金色ラブリッチェ.jpg","金色ラブリッチェ","gal_Duca_-_Golden_Route.mp3|gal_佐咲紗花_-_Golden_Mission.mp3","Duca - Golden Route|佐咲紗花 - Golden Mission"
"gal_景の海のアペイリア.jpg","景の海のアペイリア","gal_薬師るり_-_アペイリア.mp3","薬師るり - アペイリア"
"gal_殻ノ少女.jpg","殻ノ少女","gal_霜月はるか_-_瑠璃の鳥.mp3","霜月はるか - 瑠璃の鳥"
"gal_枯れない世界と終わる花.jpg","枯れない世界と終わる花","gal_AiRI_-_永遠に咲く花.mp3","AiRI - 永遠に咲く花"
"gal_恋×シンアイ彼女.jpg","恋×シンアイ彼女","gal_yuiko_-_GLORIOUS_DAYS.mp3|gal_yuiko_-_東の空から始まる世界.mp3","yuiko - GLORIOUS DAYS|yuiko - 東の空から始まる世界"
"gal_恋愛、借りちゃいました.jpg","恋愛、借りちゃいました","gal_Rin'ca_-_君に届けるstory.mp3","Rin'ca - 君に届けるstory"
"gal_美少女万华镜.jpg","美少女万华镜","gal_橘エリカ_-_生きとし生けるもの.mp3","橘エリカ - 生きとし生けるもの"
"gal_妹调教日记.jpg","妹调教日记","gal_まめこ,sentive_-_ちゅーにッ☆Let's_play_xxx_with_you!.mp3","まめこ,sentive - ちゅーにッ☆Let's play xxx with you!"
"gal_冥契のルペルカリア.jpg","冥契のルペルカリア","gal_アヤネ_-_ライムライトの残火.mp3","アヤネ - ライムライトの残火"
"gal_魔法使いの夜.jpg","魔法使いの夜","gal_supercell_-_星が瞬くこんな夜に_~ゲームVer.~.mp3","supercell - 星が瞬くこんな夜に ~ゲームVer.~"
"gal_魔女こいにっき.jpg","魔女こいにっき","gal_monet_-_永遠の魔法使い.mp3","monet - 永遠の魔法使い"
"gal_千の刃濤、桃花染の皇姫.jpg","千の刃濤、桃花染の皇姫","gal_ういにゃす,おっちょこバニー_-_嗚呼_絢爛の泡沫が如く.mp3","ういにゃす,おっちょこバニー - 嗚呼 絢爛の泡沫が如く"
"gal_千恋万花.jpg","千恋万花","gal_Famishin,KOTOKO_-_恋ひ恋ふ縁.mp3","Famishin,KOTOKO - 恋ひ恋ふ縁"
"gal_青い空のカミュ.jpg","青い空のカミュ","gal_榊原ゆい,BLUE_DOOR_RECORD_-_完璧な世界_full.mp3","榊原ゆい,BLUE DOOR RECORD - 完璧な世界 full"
"gal_晴のちきっと菜の花びより.jpg","晴のちきっと菜の花びより","gal_茶太_-_I_will.mp3","茶太 - I will"
"gal_沙耶の唄.jpg","沙耶の唄","gal_いとうかなこ_-_ガラスのくつ.mp3|gal_いとうかなこ_-_沙耶の唄.mp3","いとうかなこ - ガラスのくつ|いとうかなこ - 沙耶の唄"
"gal_神様のような君へ.jpg","神様のような君へ","gal_Duca_-_AI.mp3","Duca - AI"
"gal_水葬銀貨のイストリア.jpg","水葬銀貨のイストリア","gal_アヤネ_-_アズライトの棺.mp3","アヤネ - アズライトの棺"
"gal_死に逝く君、館に芽吹く憎悪.jpg","死に逝く君、館に芽吹く憎悪","gal_電気式華憐音楽集団_-_館廻り.mp3","電気式華憐音楽集団 - 館廻り"
"gal_素晴らしき日々~不連続存在~.jpg","素晴らしき日々～不連続存在～","gal_はな_-_空気力学少女と少年の詩.mp3","はな - 空気力学少女と少年の詩"
"gal_夏空カナタ.jpg","夏空カナタ","gal_霜月はるか_-_想いのカナタ.mp3","霜月はるか - 想いのカナタ"
"gal_星空のメモリア.jpg","星空のメモリア","gal_山本美禰子_-_冬のダイヤモンド.mp3","山本美禰子 - 冬のダイヤモンド"
"gal_星空鉄道とシロの旅.jpg","星空鉄道とシロの旅","gal_保科めぐみ_-_スタートリップ.mp3","保科めぐみ - スタートリップ"
"gal_月に寄りそう乙女の作法.jpg","月に寄りそう乙女の作法","gal_美郷あき_-_DESIRE.mp3","美郷あき - DESIRE"
"gal_月影のシミュラクル_-解放の羽-.jpg","月影のシミュラクル -解放の羽-","gal_佐藤ひろ美_-_自由の翅.mp3|gal_霜月はるか_-_イノチの灯し方.mp3","佐藤ひろ美 - 自由の翅|霜月はるか - イノチの灯し方"
"gal_真愛の百合は赤く染める.jpg","真愛の百合は赤く染める","gal_電気式華憐音楽集団_-_Lily_Toxicity.mp3","電気式華憐音楽集団 - Lily Toxicity"
"gal_終のステラ.jpg","終のステラ","gal_相宮零,VISUAL_ARTS_,_Key_-_breath_of_stella.mp3|gal_相宮零,VISUAL_ARTS_,_Key_-_Ortus.mp3","相宮零,VISUAL ARTS , Key - breath of stella|相宮零,VISUAL ARTS , Key - Ortus"
"gal_装甲悪鬼村正.jpg","装甲悪鬼村正","gal_いとうかなこ_-_落葉.mp3|gal_小野正利_-_MURAMASA.mp3","いとうかなこ - 落葉|小野正利 - MURAMASA"
"gal_LAMUNATION.jpg","LAMUNATION","gal_Sprite_Recordings_-_FaV_-_and_Vanguard-.mp3|gal_Sprite_Recordings_-_N.O.S_-Neonlight_Overdrive_Spakling_crarity-.mp3","Sprite Recordings - FaV - and Vanguard-|Sprite Recordings - N.O.S -Neonlight Overdrive Spakling crarity-"
"gal_ましろ色シンフォニー.jpg","ましろ色シンフォニー","gal_美郷あき_-_さよなら君の声.mp3|gal_Kotoha_-_雪は何色.mp3","美郷あき - さよなら君の声|Kotoha - 雪は何色"
"gal_向日葵の教会と長い夏休み.jpg","向日葵の教会と長い夏休み","gal_はな_-_希望の前で待ち合わせ.mp3|gal_はな_-_さくらとことり.mp3","はな - 希望の前で待ち合わせ|はな - さくらとことり"
"gal_キラ☆キラ.jpg","キラ☆キラ","gal_第二文芸部バンド_-_キラ☆キラ.mp3","第二文芸部バンド - キラ☆キラ"
"gal_彼女のセイイキ.jpg","彼女のセイイキ","gal_美月琴音_-_冬に咲く華.mp3|gal_安田みずほ_-_夜明けのベルが鳴る.mp3","美月琴音 - 冬に咲く華|安田みずほ - 夜明けのベルが鳴る"
"gal_CLANNAD.jpg","CLANNAD","gal_茶太_-_だんご大家族.mp3","茶太 - だんご大家族"
"gal_MUVLUV.jpg","MUVLUV","gal_栗林みな実_-_マブラヴ.mp3|gal_JAM_Project_-_未来への咆哮.mp3","栗林みな実 - マブラヴ|JAM Project - 未来への咆哮"
"gal_家族計画.jpg","家族計画","gal_KOTOKO_-_同じ空の下で.mp3","KOTOKO - 同じ空の下で"
"gal_夢と色でできている.png","夢と色でできている","gal_藍月なくる_-_これくらいで.mp3|gal_佐咲紗花_-_夢と色でできている.mp3","藍月なくる - これくらいで|佐咲紗花 - 夢と色でできている"
"gal_ラズベリーキューブ.jpg","ラズベリーキューブ","gal_松下_-_raspberry_cube.mp3","松下 - raspberry cube"
"gal_Little_Busters.jpg","Little Busters","gal_Rita,VISUAL_ARTS_,_Key_-_Little_Busters!_(Ecstacy_Ver.).mp3","Rita,VISUAL ARTS , Key - Little Busters! (Ecstacy Ver.)"
"gal_ef_-_a_fairy_tale_of_the_two..jpg","ef - a fairy tale of the two.","gal_原田ひとみ_-_悠久の翼.mp3","原田ひとみ - 悠久の翼"
"gal_ちいさな彼女の小夜曲.jpg","ちいさな彼女の小夜曲","gal_佐咲紗花_-_キスのひとつで.mp3","佐咲紗花 - キスのひとつで"
"gal_アマツツミ.jpg","アマツツミ","gal_山崎もえ_-_コトダマ紬ぐ未来.mp3","山崎もえ - コトダマ紬ぐ未来"
"gal_白昼夢の青写真.jpg","白昼夢の青写真","gal_Laplacian_-_Into_Gray_(feat._yuki).mp3","Laplacian - Into Gray (feat. yuki)"
"gal_HENPRI.jpg","HENPRI","gal_HANA_-_Pieces.mp3|gal_You-Re_-_I_can't_be_a_superstar.mp3|gal_冬乃桜_-_ILLEXECUTION.mp3","HANA - Pieces|You-Re - I can't be a superstar|冬乃桜 - ILLEXECUTION"
"gal_あの晴れわたる空より高く.jpg","あの晴れわたる空より高く","gal_みとせのりこ_-_Over_the_skyblue.mp3","みとせのりこ - Over the skyblue"
"gal_G線上の魔王.jpg","G線上の魔王","gal_彩音_-_Close_Your_Eyes.mp3","彩音 - Close Your Eyes"
"gal_饿殍_明末千里行.jpg","饿殍：明末千里行","gal_Hanser_-_千里饿殍行.mp3","Hanser - 千里饿殍行"
"gal_しゅがてん!-sugarfull_tempering-.jpg","しゅがてん！-sugarfull tempering-","gal_茶太_-_Candy_a_Mine.mp3","茶太 - Candy a Mine"
"gal_ハピメア.jpg","ハピメア","gal_橋本みゆき_-_幻想楼閣.mp3","橋本みゆき - 幻想楼閣"
"gal_うたわれるもの.jpg","うたわれるもの","gal_Suara_-_恋夢.mp3","Suara - 恋夢"
"gal_フレラバ_~Friend_to_Lover~.jpg","フレラバ ～Friend to Lover～","gal_Angel_Note,真里歌_-_quantum_jump.mp3","Angel Note,真里歌 - quantum jump"
"gal_シンフォニック=レイン.jpg","シンフォニック＝レイン","gal_中原麻衣_-_秘密.mp3|gal_浅野真澄_-_雨のmusique.mp3","中原麻衣 - 秘密|浅野真澄 - 雨のmusique"
"gal_月姫_-A_piece_of_blue_glass_moon-.jpg","月姫 -A piece of blue glass moon-","gal_ReoNa_-_生命線.mp3","ReoNa - 生命線"
"gal_魔法少女ノ魔女裁判.png","魔法少女ノ魔女裁判","gal_藍月なくる_-_愛の残滓.mp3","藍月なくる - 愛の残滓"
"gal_D.C.III_~ダ・カーポIII~.png","D.C.III ～ダ・カーポIII～","gal_yozuca_-_ダ・カーポIII_~キミにささげる_あいのマホウ~.mp3","yozuca - ダ・カーポIII　～キミにささげる あいのマホウ～"
